Canais ouvinte Lojas;Canais envio Lojas;Canais ouvinte Fabrica;Canais envio Fabrica
Loja 1 - CDD;CDD - Loja 1;Fabrica 1 - CDD;CDD - Fabrica 1
Loja 2 - CDD;CDD - Loja 2;Fabrica 2 - CDD;CDD - Fabrica 2
Loja 3 - CDD;CDD - Loja 3;Fabrica 3 - CDD;CDD - Fabrica 3
Loja 4 - CDD;CDD - Loja 4;Fabrica 4 - CDD;CDD - Fabrica 4
Loja 5 - CDD;CDD - Loja 5;Fabrica 5 - CDD;CDD - Fabrica 5
Loja 6 - CDD;CDD - Loja 6;Fabrica 6 - CDD;CDD - Fabrica 6
Loja 7 - CDD;CDD - Loja 7;Fabrica 7 - CDD;CDD - Fabrica 7
Loja 8 - CDD;CDD - Loja 8;Fabrica 8 - CDD;CDD - Fabrica 8
Loja 9 - CDD;CDD - Loja 9;Fabrica 9 - CDD;CDD - Fabrica 9
Loja 10 - CDD;CDD - Loja 10;Fabrica 10 - CDD;CDD - Fabrica 10
Loja 11 - CDD;CDD - Loja 11;Fabrica 11 - CDD;CDD - Fabrica 11
Loja 12 - CDD;CDD - Loja 12;Fabrica 12 - CDD;CDD - Fabrica 12
Loja 13 - CDD;CDD - Loja 13;Fabrica 13 - CDD;CDD - Fabrica 13
Loja 14 - CDD;CDD - Loja 14;Fabrica 14 - CDD;CDD - Fabrica 14
Loja 15 - CDD;CDD - Loja 15;Fabrica 15 - CDD;CDD - Fabrica 15
Loja 16 - CDD;CDD - Loja 16;Fabrica 16 - CDD;CDD - Fabrica 16
Loja 17 - CDD;CDD - Loja 17;Fabrica 17 - CDD;CDD - Fabrica 17
Loja 18 - CDD;CDD - Loja 18;Fabrica 18 - CDD;CDD - Fabrica 18
Loja 19 - CDD;CDD - Loja 19;Fabrica 19 - CDD;CDD - Fabrica 19
Loja 20 - CDD;CDD - Loja 20;Fabrica 20 - CDD;CDD - Fabrica 20
Loja 21 - CDD;CDD - Loja 21;Fabrica 21 - CDD;CDD - Fabrica 21
Loja 22 - CDD;CDD - Loja 22;Fabrica 22 - CDD;CDD - Fabrica 22
Loja 23 - CDD;CDD - Loja 23;Fabrica 23 - CDD;CDD - Fabrica 23
Loja 24 - CDD;CDD - Loja 24;Fabrica 24 - CDD;CDD - Fabrica 24
Loja 25 - CDD;CDD - Loja 25;Fabrica 25 - CDD;CDD - Fabrica 25
Loja 26 - CDD;CDD - Loja 26;Fabrica 26 - CDD;CDD - Fabrica 26
Loja 27 - CDD;CDD - Loja 27;Fabrica 27 - CDD;CDD - Fabrica 27
Loja 28 - CDD;CDD - Loja 28;Fabrica 28 - CDD;CDD - Fabrica 28
Loja 29 - CDD;CDD - Loja 29;Fabrica 29 - CDD;CDD - Fabrica 29
Loja 30 - CDD;CDD - Loja 30;Fabrica 30 - CDD;CDD - Fabrica 30
Loja 31 - CDD;CDD - Loja 31;Fabrica 31 - CDD;CDD - Fabrica 31
Loja 32 - CDD;CDD - Loja 32;Fabrica 32 - CDD;CDD - Fabrica 32
Loja 33 - CDD;CDD - Loja 33;Fabrica 33 - CDD;CDD - Fabrica 33
Loja 34 - CDD;CDD - Loja 34;Fabrica 34 - CDD;CDD - Fabrica 34
Loja 35 - CDD;CDD - Loja 35;Fabrica 35 - CDD;CDD - Fabrica 35
Loja 36 - CDD;CDD - Loja 36;Fabrica 36 - CDD;CDD - Fabrica 36
Loja 37 - CDD;CDD - Loja 37;Fabrica 37 - CDD;CDD - Fabrica 37
Loja 38 - CDD;CDD - Loja 38;Fabrica 38 - CDD;CDD - Fabrica 38
Loja 39 - CDD;CDD - Loja 39;Fabrica 39 - CDD;CDD - Fabrica 39
Loja 40 - CDD;CDD - Loja 40;Fabrica 40 - CDD;CDD - Fabrica 40
Loja 41 - CDD;CDD - Loja 41;Fabrica 41 - CDD;CDD - Fabrica 41
Loja 42 - CDD;CDD - Loja 42;Fabrica 42 - CDD;CDD - Fabrica 42
Loja 43 - CDD;CDD - Loja 43;Fabrica 43 - CDD;CDD - Fabrica 43
Loja 44 - CDD;CDD - Loja 44;Fabrica 44 - CDD;CDD - Fabrica 44
Loja 45 - CDD;CDD - Loja 45;Fabrica 45 - CDD;CDD - Fabrica 45
Loja 46 - CDD;CDD - Loja 46;Fabrica 46 - CDD;CDD - Fabrica 46
Loja 47 - CDD;CDD - Loja 47;Fabrica 47 - CDD;CDD - Fabrica 47
Loja 48 - CDD;CDD - Loja 48;Fabrica 48 - CDD;CDD - Fabrica 48
Loja 49 - CDD;CDD - Loja 49;Fabrica 49 - CDD;CDD - Fabrica 49
Loja 50 - CDD;CDD - Loja 50;Fabrica 50 - CDD;CDD - Fabrica 50
Loja 51 - CDD;CDD - Loja 51;Fabrica 51 - CDD;CDD - Fabrica 51
Loja 52 - CDD;CDD - Loja 52;Fabrica 52 - CDD;CDD - Fabrica 52
Loja 53 - CDD;CDD - Loja 53;Fabrica 53 - CDD;CDD - Fabrica 53
Loja 54 - CDD;CDD - Loja 54;Fabrica 54 - CDD;CDD - Fabrica 54
Loja 55 - CDD;CDD - Loja 55;Fabrica 55 - CDD;CDD - Fabrica 55
Loja 56 - CDD;CDD - Loja 56;Fabrica 56 - CDD;CDD - Fabrica 56
Loja 57 - CDD;CDD - Loja 57;Fabrica 57 - CDD;CDD - Fabrica 57
Loja 58 - CDD;CDD - Loja 58;Fabrica 58 - CDD;CDD - Fabrica 58
Loja 59 - CDD;CDD - Loja 59;Fabrica 59 - CDD;CDD - Fabrica 59
Loja 60 - CDD;CDD - Loja 60;Fabrica 60 - CDD;CDD - Fabrica 60
Loja 61 - CDD;CDD - Loja 61;Fabrica 61 - CDD;CDD - Fabrica 61
Loja 62 - CDD;CDD - Loja 62;Fabrica 62 - CDD;CDD - Fabrica 62
Loja 63 - CDD;CDD - Loja 63;Fabrica 63 - CDD;CDD - Fabrica 63
Loja 64 - CDD;CDD - Loja 64;Fabrica 64 - CDD;CDD - Fabrica 64
Loja 65 - CDD;CDD - Loja 65;Fabrica 65 - CDD;CDD - Fabrica 65
Loja 66 - CDD;CDD - Loja 66;Fabrica 66 - CDD;CDD - Fabrica 66
Loja 67 - CDD;CDD - Loja 67;Fabrica 67 - CDD;CDD - Fabrica 67
Loja 68 - CDD;CDD - Loja 68;Fabrica 68 - CDD;CDD - Fabrica 68
Loja 69 - CDD;CDD - Loja 69;Fabrica 69 - CDD;CDD - Fabrica 69
Loja 70 - CDD;CDD - Loja 70;Fabrica 70 - CDD;CDD - Fabrica 70
Loja 71 - CDD;CDD - Loja 71;Fabrica 71 - CDD;CDD - Fabrica 71
Loja 72 - CDD;CDD - Loja 72;Fabrica 72 - CDD;CDD - Fabrica 72
Loja 73 - CDD;CDD - Loja 73;Fabrica 73 - CDD;CDD - Fabrica 73
Loja 74 - CDD;CDD - Loja 74;Fabrica 74 - CDD;CDD - Fabrica 74
Loja 75 - CDD;CDD - Loja 75;Fabrica 75 - CDD;CDD - Fabrica 75
Loja 76 - CDD;CDD - Loja 76;Fabrica 76 - CDD;CDD - Fabrica 76
Loja 77 - CDD;CDD - Loja 77;Fabrica 77 - CDD;CDD - Fabrica 77
Loja 78 - CDD;CDD - Loja 78;Fabrica 78 - CDD;CDD - Fabrica 78
Loja 79 - CDD;CDD - Loja 79;Fabrica 79 - CDD;CDD - Fabrica 79
Loja 80 - CDD;CDD - Loja 80;Fabrica 80 - CDD;CDD - Fabrica 80
Loja 81 - CDD;CDD - Loja 81;Fabrica 81 - CDD;CDD - Fabrica 81
Loja 82 - CDD;CDD - Loja 82;Fabrica 82 - CDD;CDD - Fabrica 82
Loja 83 - CDD;CDD - Loja 83;Fabrica 83 - CDD;CDD - Fabrica 83
Loja 84 - CDD;CDD - Loja 84;Fabrica 84 - CDD;CDD - Fabrica 84
Loja 85 - CDD;CDD - Loja 85;Fabrica 85 - CDD;CDD - Fabrica 85
Loja 86 - CDD;CDD - Loja 86;Fabrica 86 - CDD;CDD - Fabrica 86
Loja 87 - CDD;CDD - Loja 87;Fabrica 87 - CDD;CDD - Fabrica 87
Loja 88 - CDD;CDD - Loja 88;Fabrica 88 - CDD;CDD - Fabrica 88
Loja 89 - CDD;CDD - Loja 89;Fabrica 89 - CDD;CDD - Fabrica 89
Loja 90 - CDD;CDD - Loja 90;Fabrica 90 - CDD;CDD - Fabrica 90
Loja 91 - CDD;CDD - Loja 91;Fabrica 91 - CDD;CDD - Fabrica 91
Loja 92 - CDD;CDD - Loja 92;Fabrica 92 - CDD;CDD - Fabrica 92
Loja 93 - CDD;CDD - Loja 93;Fabrica 93 - CDD;CDD - Fabrica 93
Loja 94 - CDD;CDD - Loja 94;Fabrica 94 - CDD;CDD - Fabrica 94
Loja 95 - CDD;CDD - Loja 95;Fabrica 95 - CDD;CDD - Fabrica 95
Loja 96 - CDD;CDD - Loja 96;Fabrica 96 - CDD;CDD - Fabrica 96
Loja 97 - CDD;CDD - Loja 97;Fabrica 97 - CDD;CDD - Fabrica 97
Loja 98 - CDD;CDD - Loja 98;Fabrica 98 - CDD;CDD - Fabrica 98
Loja 99 - CDD;CDD - Loja 99;Fabrica 99 - CDD;CDD - Fabrica 99
Loja 100 - CDD;CDD - Loja 100;Fabrica 100 - CDD;CDD - Fabrica 100
Loja 101 - CDD;CDD - Loja 101;Fabrica 101 - CDD;CDD - Fabrica 101
Loja 102 - CDD;CDD - Loja 102;Fabrica 102 - CDD;CDD - Fabrica 102
Loja 103 - CDD;CDD - Loja 103;Fabrica 103 - CDD;CDD - Fabrica 103
Loja 104 - CDD;CDD - Loja 104;Fabrica 104 - CDD;CDD - Fabrica 104
Loja 105 - CDD;CDD - Loja 105;Fabrica 105 - CDD;CDD - Fabrica 105
Loja 106 - CDD;CDD - Loja 106;Fabrica 106 - CDD;CDD - Fabrica 106
Loja 107 - CDD;CDD - Loja 107;Fabrica 107 - CDD;CDD - Fabrica 107
Loja 108 - CDD;CDD - Loja 108;Fabrica 108 - CDD;CDD - Fabrica 108
Loja 109 - CDD;CDD - Loja 109;Fabrica 109 - CDD;CDD - Fabrica 109
Loja 110 - CDD;CDD - Loja 110;Fabrica 110 - CDD;CDD - Fabrica 110
Loja 111 - CDD;CDD - Loja 111;Fabrica 111 - CDD;CDD - Fabrica 111
Loja 112 - CDD;CDD - Loja 112;Fabrica 112 - CDD;CDD - Fabrica 112
Loja 113 - CDD;CDD - Loja 113;Fabrica 113 - CDD;CDD - Fabrica 113
Loja 114 - CDD;CDD - Loja 114;Fabrica 114 - CDD;CDD - Fabrica 114
Loja 115 - CDD;CDD - Loja 115;Fabrica 115 - CDD;CDD - Fabrica 115
Loja 116 - CDD;CDD - Loja 116;Fabrica 116 - CDD;CDD - Fabrica 116
Loja 117 - CDD;CDD - Loja 117;Fabrica 117 - CDD;CDD - Fabrica 117
Loja 118 - CDD;CDD - Loja 118;Fabrica 118 - CDD;CDD - Fabrica 118
Loja 119 - CDD;CDD - Loja 119;Fabrica 119 - CDD;CDD - Fabrica 119
Loja 120 - CDD;CDD - Loja 120;Fabrica 120 - CDD;CDD - Fabrica 120
Loja 121 - CDD;CDD - Loja 121;Fabrica 121 - CDD;CDD - Fabrica 121
Loja 122 - CDD;CDD - Loja 122;Fabrica 122 - CDD;CDD - Fabrica 122
Loja 123 - CDD;CDD - Loja 123;Fabrica 123 - CDD;CDD - Fabrica 123
Loja 124 - CDD;CDD - Loja 124;Fabrica 124 - CDD;CDD - Fabrica 124
Loja 125 - CDD;CDD - Loja 125;Fabrica 125 - CDD;CDD - Fabrica 125
Loja 126 - CDD;CDD - Loja 126;Fabrica 126 - CDD;CDD - Fabrica 126
Loja 127 - CDD;CDD - Loja 127;Fabrica 127 - CDD;CDD - Fabrica 127
Loja 128 - CDD;CDD - Loja 128;Fabrica 128 - CDD;CDD - Fabrica 128
Loja 129 - CDD;CDD - Loja 129;Fabrica 129 - CDD;CDD - Fabrica 129
Loja 130 - CDD;CDD - Loja 130;Fabrica 130 - CDD;CDD - Fabrica 130
Loja 131 - CDD;CDD - Loja 131;Fabrica 131 - CDD;CDD - Fabrica 131
Loja 132 - CDD;CDD - Loja 132;Fabrica 132 - CDD;CDD - Fabrica 132
Loja 133 - CDD;CDD - Loja 133;Fabrica 133 - CDD;CDD - Fabrica 133
Loja 134 - CDD;CDD - Loja 134;Fabrica 134 - CDD;CDD - Fabrica 134
Loja 135 - CDD;CDD - Loja 135;Fabrica 135 - CDD;CDD - Fabrica 135
Loja 136 - CDD;CDD - Loja 136;Fabrica 136 - CDD;CDD - Fabrica 136
Loja 137 - CDD;CDD - Loja 137;Fabrica 137 - CDD;CDD - Fabrica 137
Loja 138 - CDD;CDD - Loja 138;Fabrica 138 - CDD;CDD - Fabrica 138
Loja 139 - CDD;CDD - Loja 139;Fabrica 139 - CDD;CDD - Fabrica 139
Loja 140 - CDD;CDD - Loja 140;Fabrica 140 - CDD;CDD - Fabrica 140
Loja 141 - CDD;CDD - Loja 141;Fabrica 141 - CDD;CDD - Fabrica 141
Loja 142 - CDD;CDD - Loja 142;Fabrica 142 - CDD;CDD - Fabrica 142
Loja 143 - CDD;CDD - Loja 143;Fabrica 143 - CDD;CDD - Fabrica 143
Loja 144 - CDD;CDD - Loja 144;Fabrica 144 - CDD;CDD - Fabrica 144
Loja 145 - CDD;CDD - Loja 145;Fabrica 145 - CDD;CDD - Fabrica 145
Loja 146 - CDD;CDD - Loja 146;Fabrica 146 - CDD;CDD - Fabrica 146
Loja 147 - CDD;CDD - Loja 147;Fabrica 147 - CDD;CDD - Fabrica 147
Loja 148 - CDD;CDD - Loja 148;Fabrica 148 - CDD;CDD - Fabrica 148
Loja 149 - CDD;CDD - Loja 149;Fabrica 149 - CDD;CDD - Fabrica 149
Loja 150 - CDD;CDD - Loja 150;Fabrica 150 - CDD;CDD - Fabrica 150
Loja 151 - CDD;CDD - Loja 151;Fabrica 151 - CDD;CDD - Fabrica 151
Loja 152 - CDD;CDD - Loja 152;Fabrica 152 - CDD;CDD - Fabrica 152
Loja 153 - CDD;CDD - Loja 153;Fabrica 153 - CDD;CDD - Fabrica 153
Loja 154 - CDD;CDD - Loja 154;Fabrica 154 - CDD;CDD - Fabrica 154
Loja 155 - CDD;CDD - Loja 155;Fabrica 155 - CDD;CDD - Fabrica 155
Loja 156 - CDD;CDD - Loja 156;Fabrica 156 - CDD;CDD - Fabrica 156
Loja 157 - CDD;CDD - Loja 157;Fabrica 157 - CDD;CDD - Fabrica 157
Loja 158 - CDD;CDD - Loja 158;Fabrica 158 - CDD;CDD - Fabrica 158
Loja 159 - CDD;CDD - Loja 159;Fabrica 159 - CDD;CDD - Fabrica 159
Loja 160 - CDD;CDD - Loja 160;Fabrica 160 - CDD;CDD - Fabrica 160
Loja 161 - CDD;CDD - Loja 161;Fabrica 161 - CDD;CDD - Fabrica 161
Loja 162 - CDD;CDD - Loja 162;Fabrica 162 - CDD;CDD - Fabrica 162
Loja 163 - CDD;CDD - Loja 163;Fabrica 163 - CDD;CDD - Fabrica 163
Loja 164 - CDD;CDD - Loja 164;Fabrica 164 - CDD;CDD - Fabrica 164
Loja 165 - CDD;CDD - Loja 165;Fabrica 165 - CDD;CDD - Fabrica 165
Loja 166 - CDD;CDD - Loja 166;Fabrica 166 - CDD;CDD - Fabrica 166
Loja 167 - CDD;CDD - Loja 167;Fabrica 167 - CDD;CDD - Fabrica 167
Loja 168 - CDD;CDD - Loja 168;Fabrica 168 - CDD;CDD - Fabrica 168
Loja 169 - CDD;CDD - Loja 169;Fabrica 169 - CDD;CDD - Fabrica 169
Loja 170 - CDD;CDD - Loja 170;Fabrica 170 - CDD;CDD - Fabrica 170
Loja 171 - CDD;CDD - Loja 171;Fabrica 171 - CDD;CDD - Fabrica 171
Loja 172 - CDD;CDD - Loja 172;Fabrica 172 - CDD;CDD - Fabrica 172
Loja 173 - CDD;CDD - Loja 173;Fabrica 173 - CDD;CDD - Fabrica 173
Loja 174 - CDD;CDD - Loja 174;Fabrica 174 - CDD;CDD - Fabrica 174
Loja 175 - CDD;CDD - Loja 175;Fabrica 175 - CDD;CDD - Fabrica 175
Loja 176 - CDD;CDD - Loja 176;Fabrica 176 - CDD;CDD - Fabrica 176
Loja 177 - CDD;CDD - Loja 177;Fabrica 177 - CDD;CDD - Fabrica 177
Loja 178 - CDD;CDD - Loja 178;Fabrica 178 - CDD;CDD - Fabrica 178
Loja 179 - CDD;CDD - Loja 179;Fabrica 179 - CDD;CDD - Fabrica 179
Loja 180 - CDD;CDD - Loja 180;Fabrica 180 - CDD;CDD - Fabrica 180
Loja 181 - CDD;CDD - Loja 181;Fabrica 181 - CDD;CDD - Fabrica 181
Loja 182 - CDD;CDD - Loja 182;Fabrica 182 - CDD;CDD - Fabrica 182
Loja 183 - CDD;CDD - Loja 183;Fabrica 183 - CDD;CDD - Fabrica 183
Loja 184 - CDD;CDD - Loja 184;Fabrica 184 - CDD;CDD - Fabrica 184
Loja 185 - CDD;CDD - Loja 185;Fabrica 185 - CDD;CDD - Fabrica 185
Loja 186 - CDD;CDD - Loja 186;Fabrica 186 - CDD;CDD - Fabrica 186
Loja 187 - CDD;CDD - Loja 187;Fabrica 187 - CDD;CDD - Fabrica 187
Loja 188 - CDD;CDD - Loja 188;Fabrica 188 - CDD;CDD - Fabrica 188
Loja 189 - CDD;CDD - Loja 189;Fabrica 189 - CDD;CDD - Fabrica 189
Loja 190 - CDD;CDD - Loja 190;Fabrica 190 - CDD;CDD - Fabrica 190
Loja 191 - CDD;CDD - Loja 191;Fabrica 191 - CDD;CDD - Fabrica 191
Loja 192 - CDD;CDD - Loja 192;Fabrica 192 - CDD;CDD - Fabrica 192
Loja 193 - CDD;CDD - Loja 193;Fabrica 193 - CDD;CDD - Fabrica 193
Loja 194 - CDD;CDD - Loja 194;Fabrica 194 - CDD;CDD - Fabrica 194
Loja 195 - CDD;CDD - Loja 195;Fabrica 195 - CDD;CDD - Fabrica 195
Loja 196 - CDD;CDD - Loja 196;Fabrica 196 - CDD;CDD - Fabrica 196
Loja 197 - CDD;CDD - Loja 197;Fabrica 197 - CDD;CDD - Fabrica 197
Loja 198 - CDD;CDD - Loja 198;Fabrica 198 - CDD;CDD - Fabrica 198
Loja 199 - CDD;CDD - Loja 199;Fabrica 199 - CDD;CDD - Fabrica 199
Loja 200 - CDD;CDD - Loja 200;Fabrica 200 - CDD;CDD - Fabrica 200
